{
  "controller_type": "vive_tracker_handed",
  "bindings": {
    "/actions/htc_viu": {
      "chords": [],
      "sources": [
        {
          "path": "/user/hand/left/input/power",
          "mode": "button",
          "parameters": {},
          "inputs": {
            "click": {
              "output": "/actions/htc_viu/in/viu_press_00"
            }
          }
        },
        {
          "path": "/user/hand/right/input/power",
          "mode": "button",
          "parameters": {},
          "inputs": {
            "click": {
              "output": "/actions/htc_viu/in/viu_press_00"
            }
          }
        },
        {
          "path": "/user/hand/left/input/trigger",
          "mode": "button",
          "parameters": {},
          "inputs": {
            "click": {
              "output": "/actions/htc_viu/in/viu_press_33"
            }
          }
        },
        {
          "path": "/user/hand/right/input/trigger",
          "mode": "button",
          "parameters": {},
          "inputs": {
            "click": {
              "output": "/actions/htc_viu/in/viu_press_33"
            }
          }
        },
        {
          "path": "/user/hand/left/input/grip",
          "mode": "button",
          "parameters": {},
          "inputs": {
            "click": {
              "output": "/actions/htc_viu/in/viu_press_02"
            }
          }
        },
        {
          "path": "/user/hand/right/input/grip",
          "mode": "button",
          "parameters": {},
          "inputs": {
            "click": {
              "output": "/actions/htc_viu/in/viu_press_02"
            }
          }
        },
        {
          "path": "/user/hand/left/input/application_menu",
          "mode": "button",
          "parameters": {},
          "inputs": {
            "click": {
              "output": "/actions/htc_viu/in/viu_press_01"
            }
          }
        },
        {
          "path": "/user/hand/right/input/application_menu",
          "mode": "button",
          "parameters": {},
          "inputs": {
            "click": {
              "output": "/actions/htc_viu/in/viu_press_01"
            }
          }
        },
        {
          "path": "/user/hand/left/input/thumb",
          "mode": "button",
          "parameters": {},
          "inputs": {
            "click": {
              "output": "/actions/htc_viu/in/viu_press_32"
            }
          }
        },
        {
          "path": "/user/hand/right/input/thumb",
          "mode": "button",
          "parameters": {},
          "inputs": {
            "click": {
              "output": "/actions/htc_viu/in/viu_press_32"
            }
          }
        }
      ],
      "poses": [],
      "haptics": [
        {
          "output": "/actions/htc_viu/out/viu_vib_01",
          "path": "/user/hand/left/output/haptic"
        },
        {
          "output": "/actions/htc_viu/out/viu_vib_01",
          "path": "/user/hand/right/output/haptic"
        }
      ],
      "skeleton": [
        {
          "output": "/actions/htc_viu/in/viu_skeleton_left",
          "path": "/user/hand/left/input/skeleton/left"
        },
        {
          "output": "/actions/htc_viu/in/viu_skeleton_right",
          "path": "/user/hand/right/input/skeleton/right"
        }
      ]
    }
  }
}