{
	"BodyNodesName" : 
	{
		"Head" : "Head",
		"Hips" : "Hips",
		"LeftFoot" : "LeftFoot",
		"LeftHand" : "LeftHand",
		"LeftLowerArm" : "LeftLowerArm",
		"LeftLowerLeg" : "LeftLowerLeg",
		"LeftShoulder" : "LeftShoulder",
		"LeftToe" : "LeftToe",
		"LeftUpperArm" : "LeftUpperArm",
		"LeftUpperLeg" : "LeftUpperLeg",
		"Neck" : "Neck",
		"RightFoot" : "RightFoot",
		"RightHand" : "RightHand",
		"RightLowerArm" : "RightLowerArm",
		"RightLowerLeg" : "RightLowerLeg",
		"RightShoulder" : "RightShoulder",
		"RightToe" : "RightToe",
		"RightUpperArm" : "RightUpperArm",
		"RightUpperLeg" : "RightUpperLeg",
		"Spine" : "Spine",
		"Spine1" : "Spine1",
		"Spine2" : "Spine2",
		"Spine3" : "Spine3"
	},
	"FaceBlendShapeChannelsName" : 
	{
		"BrowDownLeft" : "BrowDownLeft",
		"BrowDownRight" : "BrowDownRight",
		"BrowInnerUp" : "BrowInnerUp",
		"BrowOuterUpLeft" : "BrowOuterUpLeft",
		"BrowOuterUpRight" : "BrowOuterUpRight",
		"CheekPuff" : "CheekPuff",
		"CheekSquintLeft" : "CheekSquintLeft",
		"CheekSquintRight" : "CheekSquintRight",
		"EyeBlinkLeft" : "EyeBlinkLeft",
		"EyeBlinkRight" : "EyeBlinkRight",
		"EyeLookDownLeft" : "EyeLookDownLeft",
		"EyeLookDownRight" : "EyeLookDownRight",
		"EyeLookInLeft" : "EyeLookInLeft",
		"EyeLookInRight" : "EyeLookInRight",
		"EyeLookOutLeft" : "EyeLookOutLeft",
		"EyeLookOutRight" : "EyeLookOutRight",
		"EyeLookUpLeft" : "EyeLookUpLeft",
		"EyeLookUpRight" : "EyeLookUpRight",
		"EyeSquintLeft" : "EyeSquintLeft",
		"EyeSquintRight" : "EyeSquintRight",
		"EyeWideLeft" : "EyeWideLeft",
		"EyeWideRight" : "EyeWideRight",
		"JawForward" : "JawForward",
		"JawLeft" : "JawLeft",
		"JawOpen" : "JawOpen",
		"JawRight" : "JawRight",
		"MouthClose" : "MouthClose",
		"MouthDimpleLeft" : "MouthDimpleLeft",
		"MouthDimpleRight" : "MouthDimpleRight",
		"MouthFrownLeft" : "MouthFrownLeft",
		"MouthFrownRight" : "MouthFrownRight",
		"MouthFunnel" : "MouthFunnel",
		"MouthLeft" : "MouthLeft",
		"MouthLowerDownLeft" : "MouthLowerDownLeft",
		"MouthLowerDownRight" : "MouthLowerDownRight",
		"MouthPressLeft" : "MouthPressLeft",
		"MouthPressRight" : "MouthPressRight",
		"MouthPucker" : "MouthPucker",
		"MouthRight" : "MouthRight",
		"MouthRollLower" : "MouthRollLower",
		"MouthRollUpper" : "MouthRollUpper",
		"MouthShrugLower" : "MouthShrugLower",
		"MouthShrugUpper" : "MouthShrugUpper",
		"MouthSmileLeft" : "MouthSmileLeft",
		"MouthSmileRight" : "MouthSmileRight",
		"MouthStretchLeft" : "MouthStretchLeft",
		"MouthStretchRight" : "MouthStretchRight",
		"MouthUpperUpLeft" : "MouthUpperUpLeft",
		"MouthUpperUpRight" : "MouthUpperUpRight",
		"NoseSneerLeft" : "NoseSneerLeft",
		"NoseSneerRight" : "NoseSneerRight",
		"TongueOut" : "TongueOut"
	},
	"FaceBlendShapeNodesName" : 
	[
		""
	],
	"LeftFingerNodesName" : 
	{
		"LeftIndexFinger" : "LeftIndexFinger",
		"LeftIndexFinger1" : "LeftIndexFinger1",
		"LeftIndexFinger2" : "LeftIndexFinger2",
		"LeftIndexFinger3" : "LeftIndexFinger3",
		"LeftMiddleFinger" : "LeftMiddleFinger",
		"LeftMiddleFinger1" : "LeftMiddleFinger1",
		"LeftMiddleFinger2" : "LeftMiddleFinger2",
		"LeftMiddleFinger3" : "LeftMiddleFinger3",
		"LeftPinkyFinger" : "LeftPinkyFinger",
		"LeftPinkyFinger1" : "LeftPinkyFinger1",
		"LeftPinkyFinger2" : "LeftPinkyFinger2",
		"LeftPinkyFinger3" : "LeftPinkyFinger3",
		"LeftRingFinger" : "LeftRingFinger",
		"LeftRingFinger1" : "LeftRingFinger1",
		"LeftRingFinger2" : "LeftRingFinger2",
		"LeftRingFinger3" : "LeftRingFinger3",
		"LeftThumbFinger" : "LeftThumbFinger",
		"LeftThumbFinger1" : "LeftThumbFinger1",
		"LeftThumbFinger2" : "LeftThumbFinger2"
	},
	"Param" : 
	{
		"FramesBetweenTwoExportFrames" : 0,
		"UsedAnimStack(0:Default,1:VDAnimStack,2:VDAnimStackWithNowDate)" : 0
	},
	"RightFingerNodesName" : 
	{
		"RightIndexFinger" : "RightIndexFinger",
		"RightIndexFinger1" : "RightIndexFinger1",
		"RightIndexFinger2" : "RightIndexFinger2",
		"RightIndexFinger3" : "RightIndexFinger3",
		"RightMiddleFinger" : "RightMiddleFinger",
		"RightMiddleFinger1" : "RightMiddleFinger1",
		"RightMiddleFinger2" : "RightMiddleFinger2",
		"RightMiddleFinger3" : "RightMiddleFinger3",
		"RightPinkyFinger" : "RightPinkyFinger",
		"RightPinkyFinger1" : "RightPinkyFinger1",
		"RightPinkyFinger2" : "RightPinkyFinger2",
		"RightPinkyFinger3" : "RightPinkyFinger3",
		"RightRingFinger" : "RightRingFinger",
		"RightRingFinger1" : "RightRingFinger1",
		"RightRingFinger2" : "RightRingFinger2",
		"RightRingFinger3" : "RightRingFinger3",
		"RightThumbFinger" : "RightThumbFinger",
		"RightThumbFinger1" : "RightThumbFinger1",
		"RightThumbFinger2" : "RightThumbFinger2"
	},
	"Version" : "1.0.0"
}